Style,index,speed,PTM,AKD,
Mean,null,149.88228,93.38634,558.96712,
SD,null,40.19379,10.55114,253.38257,
MAX,null,1000,100,10000,
Camper,0,-2.10087488,-3.5122148,0.75236,
Mobile,1,0.03851278,0.3912927,0.2552979,
Run,2,0.92330305,0.4587029,-0.7514062,
Sniper,3,-0.91150712,-0.2025456,1.8302296,
TacCQ,4,-0.82389445,-0.6192235,-0.351324,
